{
    "RandomForest": {
        "model_name": "RandomForest",
        "accuracy": 0.9815,
        "precision": 0.9954207212364052,
        "recall": 0.9835972850678733,
        "f1": 0.9894736842105263,
        "confusion_matrix": [
            [
                224,
                8
            ],
            [
                29,
                1739
            ]
        ],
        "roc_auc": 0.9974254953970978
    },
    "XGBoost": {
        "model_name": "XGBoost",
        "accuracy": 0.985,
        "precision": 0.9988518943742825,
        "recall": 0.9841628959276018,
        "f1": 0.9914529914529915,
        "confusion_matrix": [
            [
                230,
                2
            ],
            [
                28,
                1740
            ]
        ],
        "roc_auc": 0.9992759205804338
    }
}